Name,Color,Rarity,Mana Value,Tier,Synergy,Buildaround,Comment,Image,Image Back
Collector's Cage,W,M,2,A+,,,,https://cards.scryfall.io/large/front/a/3/a33703bb-51c0-4d57-9d06-1148507ddc4f.jpg?1712352680,
Hostile Investigator,B,M,4,A+,,,,https://cards.scryfall.io/large/front/1/5/158c000e-7960-4518-b034-a529622b7bf1.jpg?1712352777,
Generous Plunderer,R,M,2,B-,,,,https://cards.scryfall.io/large/front/4/c/4c6cf93a-d073-48ac-88db-c46bf3e10beb.jpg?1712352787,
Legion Extruder,R,M,2,C,,,,https://cards.scryfall.io/large/front/5/a/5a077de0-1893-40d0-a499-ee2e6e2258f1.jpg?1712352797,
Memory Vessel,R,M,5,F,,,,https://cards.scryfall.io/large/front/2/e/2e37a5cd-887d-4b41-97f7-ae0bba85436b.jpg?1712352808,
Molten Duplication,R,M,2,F,,,,https://cards.scryfall.io/large/front/f/d/fdbe1ac1-461f-4746-a8d8-6c8dea2c97c6.jpg?1712352819,
Territory Forge,R,M,5,F,,,,https://cards.scryfall.io/large/front/7/1/71059bc8-f63a-4d9c-9d08-2e995e74cc59.jpg?1712352831,
Ancient Cornucopia,G,M,3,D+,,,,https://cards.scryfall.io/large/front/f/9/f977975d-0439-4731-b129-270cc4cdbb23.jpg?1712352842,
Bristlebud Farmer,G,M,4,A+,,,,https://cards.scryfall.io/large/front/d/4/d498c4de-5e80-4baa-9fcb-70f164880c84.jpg?1712352852,
Omenpath Journey,G,M,4,D,,,,https://cards.scryfall.io/large/front/c/4/c49c9b72-61c0-4e3a-a3a6-994b149398a9.jpg?1712352863,
Sandstorm Salvager,G,M,3,A,,,,https://cards.scryfall.io/large/front/1/3/13b0f27c-a359-4702-833a-82fec161eeec.jpg?1712352874,
Grand Abolisher,W,M,2,D+,,,,https://cards.scryfall.io/large/front/e/e/ee793ed2-7d59-4640-8868-ad486600df2c.jpg?1712352691,
Vaultborn Tyrant,G,M,7,A+,,,,https://cards.scryfall.io/large/front/6/2/62b3f560-262b-4bc3-9aef-535fd7082c28.jpg?1712352885,
"Loot, the Key to Everything",M,M,3,F,,,,https://cards.scryfall.io/large/front/f/b/fb169fa2-c92e-45f7-89a2-0ca0e3910a1c.jpg?1712352897,
Pest Control,M,M,2,F,,,,https://cards.scryfall.io/large/front/a/4/a4a01b92-dafb-4ea6-8eff-29f881f6be24.jpg?1712352910,
Lost Jitte,C,M,1,C+,,,,https://cards.scryfall.io/large/front/c/9/c936504c-4e90-408f-ba98-0fb8c0378471.jpg?1712352922,
Lotus Ring,C,M,3,B-,,,,https://cards.scryfall.io/large/front/0/2/02267717-66e0-41f7-8009-75586a4aa4be.jpg?1712352932,
Nexus of Becoming,C,M,6,B,,,,https://cards.scryfall.io/large/front/b/0/b0f61742-522c-4b36-97db-41d0c412a072.jpg?1712352943,
Sword of Wealth and Power,C,M,3,C-,,,,https://cards.scryfall.io/large/front/e/d/ed9e5041-3c05-4a8a-9f00-081b01685d0c.jpg?1712352954,
Torpor Orb,C,M,2,F,,,,https://cards.scryfall.io/large/front/d/b/dbf02a38-d10d-463e-ab99-e7fd848a1bd3.jpg?1712352965,
Transmutation Font,C,M,5,F,,,,https://cards.scryfall.io/large/front/e/6/e6cfe673-d688-499a-882b-4fe5418739e3.jpg?1712352976,
Fomori Vault,L,M,0,F,,,,https://cards.scryfall.io/large/front/a/5/a5433b98-4657-4bbe-9e72-d3c94c6aa8ef.jpg?1712352986,
Oltec Matterweaver,W,M,3,B,,,,https://cards.scryfall.io/large/front/f/4/f4f2a818-9fd1-41db-967e-7d2c9b4e4c2f.jpg?1712352701,
Tarnation Vista,L,M,0,C+,,,,https://cards.scryfall.io/large/front/9/6/962552a1-ec34-49e2-a23d-85dfb405d5e0.jpg?1712352996,
Rest in Peace,W,M,2,F,,,,https://cards.scryfall.io/large/front/d/1/d108c2b1-236e-4b8d-8445-d9749ccc4fea.jpg?1712352711,
Esoteric Duplicator,U,M,3,F,,,,https://cards.scryfall.io/large/front/3/d/3dbb2755-97d9-492e-8697-5548160678c8.jpg?1712352722,
Simulacrum Synthesizer,U,M,3,F,,,,https://cards.scryfall.io/large/front/a/a/aaa05ad1-5cda-4edd-b6bf-562ae3e5011a.jpg?1712352732,
Worldwalker Helm,U,M,3,F,,,,https://cards.scryfall.io/large/front/b/7/b74ad496-05bc-4c5a-9027-b14df9c387ab.jpg?1712352742,
Greed's Gambit,B,M,4,D,,,,https://cards.scryfall.io/large/front/5/b/5b60a1a6-b2ca-4dc2-a6d9-eff97092079a.jpg?1712352755,
Harvester of Misery,B,M,5,B+,,,,https://cards.scryfall.io/large/front/a/3/a3012af9-621d-4fae-b00d-079a89ae35fe.jpg?1712352767,
Another Round,W,R,3,F,,,,https://cards.scryfall.io/large/front/4/f/4f8dc511-e307-4412-bb79-375a6077312d.jpg?1712355226,
Eriette's Lullaby,W,C,2,D+,,,,https://cards.scryfall.io/large/front/1/8/184c18b6-40e2-4f7f-a3bb-49bc695b68ec.jpg?1712355261,
Rattleback Apothecary,B,U,3,D+,,,,https://cards.scryfall.io/large/front/9/a/9a88e233-f09c-49e7-b1e3-386fba851fdf.jpg?1712355645,
Raven of Fell Omens,B,C,2,C,True,,,https://cards.scryfall.io/large/front/e/2/e2df3cb4-1658-450a-912a-df336706acdc.jpg?1712355645,
Rictus Robber,B,U,4,C+,,,,https://cards.scryfall.io/large/front/2/5/252def94-2d89-48f7-8ff7-9c8682ca3ec6.jpg?1712355654,
Rooftop Assassin,B,C,4,C,,,,https://cards.scryfall.io/large/front/e/4/e4e4311a-8583-4cf0-8126-508dbfbcddb6.jpg?1712355656,
Rush of Dread,B,R,3,B+,,,,https://cards.scryfall.io/large/front/7/2/721c7122-91b6-45ea-ba28-de0246a2fc1b.jpg?1712860603,
Servant of the Stinger,B,U,2,B-,,,,https://cards.scryfall.io/large/front/b/5/b5c98650-b195-4071-8e02-4df35fddddc7.jpg?1712355666,
Shoot the Sheriff,B,U,2,B-,,,,https://cards.scryfall.io/large/front/1/8/180d6528-c524-4bb8-8a72-b3775cd2c177.jpg?1712355672,
Skulduggery,B,C,1,C-,,,,https://cards.scryfall.io/large/front/0/3/03709166-164a-4075-ad0d-ea3b516ab771.jpg?1712355676,
Tinybones Joins Up,B,R,1,D-,,,,https://cards.scryfall.io/large/front/5/7/5724a15f-0ba0-421a-9cd4-a2b701e6141f.jpg?1712355685,
"Tinybones, the Pickpocket",B,M,1,C,,,,https://cards.scryfall.io/large/front/3/d/3d3025a2-4a17-4137-ba0b-bd676c6f5f88.jpg?1712355685,
Final Showdown,W,M,1,A,,,,https://cards.scryfall.io/large/front/3/5/358968f9-45bd-4022-b6bc-f1f7e0adf0e7.jpg?1712860587,
Treasure Dredger,B,U,2,D+,,,,https://cards.scryfall.io/large/front/c/8/c88df498-147c-4609-8a94-d8d10a87e37c.jpg?1712355695,
Unfortunate Accident,B,U,1,B,,,,https://cards.scryfall.io/large/front/0/c/0c5a25d9-926e-4004-8830-2b2bf7bc0775.jpg?1712860615,
Unscrupulous Contractor,B,U,3,C+,,,,https://cards.scryfall.io/large/front/9/e/9e56a8df-db04-4a88-a5ab-6954d3449976.jpg?1712355703,
"Vadmir, New Blood",B,R,2,B,,,,https://cards.scryfall.io/large/front/8/2/828b5855-af5a-46a6-8fd4-0a2e28f3bb01.jpg?1712355705,
Vault Plunderer,B,C,3,C+,,,,https://cards.scryfall.io/large/front/2/e/2e6bf35c-8763-47cc-ab2d-5dbabeb28072.jpg?1712355713,
Brimstone Roundup,R,U,2,D,,,,https://cards.scryfall.io/large/front/b/d/bd13011e-a4fc-4107-988f-60cfc851ecd3.jpg?1712355715,
"Calamity, Galloping Inferno",R,R,6,B,,,,https://cards.scryfall.io/large/front/e/7/e7a70f5a-2056-4c26-b6ea-9f751b5d0d8c.jpg?1712355721,
Caught in the Crossfire,R,U,2,SB,,,,https://cards.scryfall.io/large/front/3/a/3a2fd0c4-509e-49c2-ad57-f772efcbc207.jpg?1712860582,
Cunning Coyote,R,U,2,B-,,,,https://cards.scryfall.io/large/front/5/b/5b4ac6ea-c67b-4f90-be4f-aa25882f5794.jpg?1712355730,
Deadeye Duelist,R,C,2,C,,,,https://cards.scryfall.io/large/front/e/9/e9a50b7a-8741-4520-8d45-8e6b128c2628.jpg?1712355733,
"Fortune, Loyal Steed",W,R,3,A-,,,,https://cards.scryfall.io/large/front/0/6/069294a8-e65a-47af-942f-7e99d18658f2.jpg?1712355270,
Demonic Ruckus,R,U,2,B-,,,,https://cards.scryfall.io/large/front/5/b/5b491d11-d00a-4541-8389-2785a455eeee.jpg?1712355738,
Discerning Peddler,R,C,2,C+,,,,https://cards.scryfall.io/large/front/7/3/73b359bf-afd8-439d-a4d2-985db1ad368c.jpg?1712355741,
Explosive Derailment,R,C,1,C+,,,,https://cards.scryfall.io/large/front/f/0/f0e3df9c-0a86-4e6f-a3c7-84a883328a3d.jpg?1712860585,
Ferocification,R,U,3,F,,,,https://cards.scryfall.io/large/front/7/8/78db4260-6fc8-4500-afd7-2c845ac0d53b.jpg?1712355750,
Gila Courser,R,U,3,C+,,,,https://cards.scryfall.io/large/front/f/5/f568803d-65c0-48d7-916f-671267a9e00e.jpg?1712355755,
Great Train Heist,R,R,1,C-,,,,https://cards.scryfall.io/large/front/3/5/357dd9b2-5d2d-49f6-86f0-f5c4d63474dd.jpg?1712860638,
Hell to Pay,R,R,1,D+,,,,https://cards.scryfall.io/large/front/8/4/84ad8ed7-1429-432e-8217-a4db3b97675c.jpg?1712355764,
Hellspur Brute,R,U,5,B-,,,,https://cards.scryfall.io/large/front/3/b/3b99db5b-cd13-4e69-98b7-753e72c781f8.jpg?1712355767,
Hellspur Posse Boss,R,R,4,A,,,,https://cards.scryfall.io/large/front/5/f/5f348c7e-7d72-40f1-a65f-ee7ff4b09412.jpg?1712355772,
Highway Robbery,R,C,2,C-,,,,https://cards.scryfall.io/large/front/3/1/31a88429-9204-4a23-a7a8-babbd6bab79f.jpg?1712355775,
Frontier Seeker,W,U,2,B-,,,,https://cards.scryfall.io/large/front/9/3/9368cc76-bee5-4b46-a309-981106c3addf.jpg?1712355276,
Irascible Wolverine,R,C,3,C+,,,,https://cards.scryfall.io/large/front/3/2/324c0af5-7cdf-4c71-84cc-6349f10e0d66.jpg?1712355780,
Iron-Fist Pulverizer,R,C,5,D+,,,,https://cards.scryfall.io/large/front/c/d/cd7f984a-0b56-45df-958d-6178e4da61ed.jpg?1712355784,
Longhorn Sharpshooter,R,U,3,B,,,,https://cards.scryfall.io/large/front/3/9/398d9a16-d72c-42e2-a0ea-d9da642ee046.jpg?1712355789,
"Magda, the Hoardmaster",R,R,2,B,,,,https://cards.scryfall.io/large/front/4/4/4443d112-209b-49ec-bc40-3a11dcdb092e.jpg?1712355792,
Magebane Lizard,R,U,2,SB,,,,https://cards.scryfall.io/large/front/6/2/62e12566-375f-4f31-aa91-1b13a96d9ece.jpg?1712355797,
Mine Raider,R,C,3,D+,,,,https://cards.scryfall.io/large/front/1/9/19cfacff-e884-4954-aa6b-ed56ca942bf2.jpg?1712355800,
Outlaws' Fury,R,C,3,D,,,,https://cards.scryfall.io/large/front/f/7/f7502b9c-b759-499a-8e94-22f87f5eb142.jpg?1712355807,
Prickly Pair,R,C,3,C+,,,,https://cards.scryfall.io/large/front/e/7/e70f2278-8857-46e4-aa2b-fff5589b750f.jpg?1712355809,
Quick Draw,R,C,1,D-,,,,https://cards.scryfall.io/large/front/5/6/56399cd0-1214-42b6-be38-f2cbd770915f.jpg?1712355816,
Quilled Charger,R,C,4,D,,,,https://cards.scryfall.io/large/front/5/6/56e326c4-39f1-41ee-9e47-ebe468c51718.jpg?1712355818,
Getaway Glamer,W,U,1,B,,,,https://cards.scryfall.io/large/front/6/9/69689049-a704-4f16-84ee-4d5d915028ec.jpg?1712860589,
Reckless Lackey,R,C,1,C-,,,,https://cards.scryfall.io/large/front/9/1/912fcd14-5e81-418c-997b-771f2f38f63d.jpg?1712355825,
Resilient Roadrunner,R,U,2,C+,,,,https://cards.scryfall.io/large/front/e/0/e07d3ee9-d3c4-4f07-839e-ec81c2587ae0.jpg?1712355827,
Return the Favor,R,U,2,SB,,,,https://cards.scryfall.io/large/front/a/9/a9cc02d1-799d-42aa-9bc2-4c05452b63b4.jpg?1712860602,
Rodeo Pyromancers,R,C,4,D-,,,,https://cards.scryfall.io/large/front/d/f/df877a29-06e1-474d-8600-410bbec674ae.jpg?1712355836,
Scalestorm Summoner,R,U,3,B-,,,,https://cards.scryfall.io/large/front/d/6/d603c00f-048a-4a05-9df9-52844819d523.jpg?1712355842,
Scorching Shot,R,U,2,C+,,,,https://cards.scryfall.io/large/front/f/9/f93d8357-83bd-4157-a389-68e4aa4985c8.jpg?1712355845,
Slickshot Show-Off,R,R,2,D,,,,https://cards.scryfall.io/large/front/7/0/7054012b-4f9d-44a0-aaf9-7fd3bddc7b2d.jpg?1712355850,
Stingerback Terror,R,R,4,A-,,,,https://cards.scryfall.io/large/front/d/8/d84d6e52-5c35-47bc-b160-876a3b0fcbe1.jpg?1712355854,
Take for a Ride,R,U,3,C+,True,,,https://cards.scryfall.io/large/front/c/8/c8e2ff9c-0e98-46f9-a33c-739388c5f3d0.jpg?1712355858,
Terror of the Peaks,R,M,5,A,,,,https://cards.scryfall.io/large/front/9/0/904ff94a-4db4-44a6-8593-89c32905b3fc.jpg?1712355862,
High Noon,W,R,2,F,,,,https://cards.scryfall.io/large/front/9/9/9995e0e6-7c9c-4fef-8fd2-8fb1622e6ec8.jpg?1712355285,
Thunder Salvo,R,C,2,C,,,,https://cards.scryfall.io/large/front/a/0/a0bf0ea9-0929-4d33-815a-6df29c399e7e.jpg?1712355867,
Trick Shot,R,C,5,D+,,,,https://cards.scryfall.io/large/front/c/d/cd3c2d02-67ca-4858-9b7a-3cfe8a08356c.jpg?1712355870,
Aloe Alchemist,G,U,2,B,,,,https://cards.scryfall.io/large/front/6/9/69f2f632-b6cc-4092-acd5-a6b152e90488.jpg?1712355875,
Ankle Biter,G,C,1,D,,,,https://cards.scryfall.io/large/front/4/2/424972d6-3b2c-449b-b786-749a77020fa1.jpg?1712355878,
Beastbond Outcaster,G,U,3,B+,,,,https://cards.scryfall.io/large/front/0/7/073b9ae8-8ac3-4824-aec4-84a80531aa23.jpg?1712355883,
Betrayal at the Vault,G,U,6,C+,,,,https://cards.scryfall.io/large/front/c/4/c494820f-607d-4ed2-8a86-a916ae390272.jpg?1712355886,
Bristlepack Sentry,G,C,2,C,,,,https://cards.scryfall.io/large/front/6/a/6aea6702-16a8-4073-9c83-fbea20a5fd32.jpg?1712355891,
"Bristly Bill, Spine Sower",G,M,2,A+,,,,https://cards.scryfall.io/large/front/5/2/52eef0d6-24b7-40b7-8403-e8e863d0cd55.jpg?1712355894,
Cactarantula,G,C,6,B-,,,,https://cards.scryfall.io/large/front/2/e/2e0e27f9-dc2c-4366-b810-3e8d0bdff8c3.jpg?1712355900,
Colossal Rattlewurm,G,R,4,A,,,,https://cards.scryfall.io/large/front/1/7/17a104d3-e4ac-44a0-9c6a-39965b1b9751.jpg?1712355903,
Holy Cow,W,C,3,C+,,,,https://cards.scryfall.io/large/front/9/0/90de84c9-941b-4056-8501-ce8a948b9643.jpg?1712355286,
Dance of the Tumbleweeds,G,C,2,B-,,,,https://cards.scryfall.io/large/front/c/a/caf0e715-befb-4904-82e6-d3f8c7fbd454.jpg?1712860584,
Drover Grizzly,G,C,3,C,,,,https://cards.scryfall.io/large/front/5/6/560062cd-34f8-4d30-9e25-099b03961724.jpg?1712355911,
Freestrider Commando,G,C,3,D+,,,,https://cards.scryfall.io/large/front/9/2/92762169-095e-46e2-82f6-5b2ff2232240.jpg?1712355916,
Freestrider Lookout,G,R,3,B+,,,,https://cards.scryfall.io/large/front/3/2/32370f05-52a2-405f-b2bb-1b8a9b0b69f8.jpg?1712355921,
Full Steam Ahead,G,U,5,D+,,,,https://cards.scryfall.io/large/front/0/8/084748d8-7169-4e86-a69c-631c6d7d3a1e.jpg?1712355924,
Giant Beaver,G,C,4,C+,,,,https://cards.scryfall.io/large/front/9/1/919826a9-c427-42c6-8885-a87f0b6d2192.jpg?1712355929,
Gold Rush,G,U,2,D,,,,https://cards.scryfall.io/large/front/1/5/15845be1-919d-4450-9de6-3552c52e8623.jpg?1712355933,
Goldvein Hydra,G,M,1,B+,,,,https://cards.scryfall.io/large/front/d/e/de0e01e4-e143-47fd-8565-7b48219bb546.jpg?1712355937,
Hardbristle Bandit,G,C,2,C,,,,https://cards.scryfall.io/large/front/c/b/cbe544fb-93b7-4640-b886-cb0b3e437357.jpg?1712355942,
Intrepid Stablemaster,G,U,2,B-,,,,https://cards.scryfall.io/large/front/4/d/4d6cdf2a-026a-41ba-87d9-8fcd8a67f06e.jpg?1712355945,
Inventive Wingsmith,W,C,3,D,,,,https://cards.scryfall.io/large/front/b/6/b6b36bb3-dacc-44f6-adcd-2c2d65513d8c.jpg?1712355293,
Map the Frontier,G,U,4,D-,,,,https://cards.scryfall.io/large/front/1/6/165f4428-e1a1-477d-bd90-138189e88163.jpg?1712355950,
Ornery Tumblewagg,G,R,3,A,,,,https://cards.scryfall.io/large/front/0/0/0020c31b-002a-4121-bc61-2c2c16e9afc8.jpg?1712355953,
Outcaster Greenblade,G,U,3,A-,,,,https://cards.scryfall.io/large/front/c/9/c9458f0f-5593-4ac9-934c-e215ef8093a7.jpg?1712355958,
Outcaster Trailblazer,G,R,3,B+,,,,https://cards.scryfall.io/large/front/3/3/33b9cd6c-d75c-4905-aa38-ff03a9c4b398.jpg?1712355961,
Patient Naturalist,G,C,3,B-,,,,https://cards.scryfall.io/large/front/1/d/1dd17cea-9e8c-4dba-b6ab-a6b9de87a306.jpg?1712355965,
Railway Brawler,G,M,5,A+,,,,https://cards.scryfall.io/large/front/9/e/9ec1f76f-f21d-4f06-8c02-be6745183348.jpg?1712355970,
Rambling Possum,G,U,3,B-,,,,https://cards.scryfall.io/large/front/1/9/19d1e75f-0fee-4e07-9420-df771b696e85.jpg?1712401596,
Raucous Entertainer,G,U,2,C,,,,https://cards.scryfall.io/large/front/8/d/8dc3cbfe-410f-40e3-8021-647a2efb50bf.jpg?1712355978,
Reach for the Sky,G,C,4,D,,,,https://cards.scryfall.io/large/front/e/b/eb871985-a11b-4dfe-b0e3-898888c86277.jpg?1712355983,
Rise of the Varmints,G,U,4,C+,True,,,https://cards.scryfall.io/large/front/f/4/f4e879d8-a058-48e8-9733-f58b1e0da4b9.jpg?1712355986,
Lassoed by the Law,W,U,4,A-,,,,https://cards.scryfall.io/large/front/e/a/ea96eeac-c316-4247-a81f-0ddf52675ebf.jpg?1712355295,
Smuggler's Surprise,G,R,1,C+,,,,https://cards.scryfall.io/large/front/e/7/e7fbb489-e2b5-4278-8162-86802cf124d8.jpg?1712860610,
Snakeskin Veil,G,C,1,B-,,,,https://cards.scryfall.io/large/front/1/3/133fbdec-0d00-433f-9015-5eb091126e3a.jpg?1712355994,
Spinewoods Armadillo,G,U,6,A-,,,,https://cards.scryfall.io/large/front/f/7/f79d63e7-a8c6-4750-91c9-c575a4d0561b.jpg?1712356001,
Spinewoods Paladin,G,C,5,B-,,,,https://cards.scryfall.io/large/front/1/b/1b2b432d-9e73-4ab2-a098-546d406df6c0.jpg?1712356003,
Stubborn Burrowfiend,G,U,2,B-,,,,https://cards.scryfall.io/large/front/6/d/6d963eb4-d20b-4d3f-bf5d-c75f7bcb9670.jpg?1712356009,
Throw from the Saddle,G,C,2,B,,,,https://cards.scryfall.io/large/front/7/7/775874cc-4b78-4904-9c97-431c2e400c64.jpg?1712356011,
Trash the Town,G,U,1,B,,,,https://cards.scryfall.io/large/front/e/d/eda59f99-1d6d-4051-ac89-b7cbfa19262e.jpg?1712860614,
Tumbleweed Rising,G,C,2,C,,,,https://cards.scryfall.io/large/front/2/7/275d2d2a-ef85-48c9-919d-bc62cdad8a10.jpg?1712356021,
Voracious Varmint,G,C,2,C,,,,https://cards.scryfall.io/large/front/9/9/99b74fa3-c1d7-4780-977d-f2d6663a529a.jpg?1712356026,
Akul the Unrepentant,M,R,4,C-,,,,https://cards.scryfall.io/large/front/6/8/68fd8548-50db-4243-9154-377f32408d58.jpg?1712356029,
Mystical Tether,W,C,3,B-,,,,https://cards.scryfall.io/large/front/1/8/18344498-952e-489c-8b03-bd1bef4c26ca.jpg?1712355302,
"Annie Flash, the Veteran",M,M,6,A-,,,,https://cards.scryfall.io/large/front/8/d/8d4af7c3-a70d-4f71-b27d-b268c4a0f81e.jpg?1712356036,
Annie Joins Up,M,R,4,C,,,,https://cards.scryfall.io/large/front/1/6/1624a5f4-f5bc-47c9-85de-c5520ee234ce.jpg?1712356038,
Assimilation Aegis,M,M,3,A-,,,,https://cards.scryfall.io/large/front/0/1/014bf3c6-e46f-48f8-902f-82deeba260b2.jpg?1712356044,
At Knifepoint,M,U,3,D,,,,https://cards.scryfall.io/large/front/8/9/897d594d-b5b0-43dc-b877-b483942416ce.jpg?1712356046,
Badlands Revival,M,U,5,B-,,,,https://cards.scryfall.io/large/front/8/d/8d3ef971-cdd4-410c-97c3-df98e4f02ab2.jpg?1712356053,
Baron Bertram Graywater,M,U,4,D,,,,https://cards.scryfall.io/large/front/e/9/e9da18b4-1efc-44b7-8001-a2cfd44c69bf.jpg?1712356055,
"Bonny Pall, Clearcutter",M,R,6,A+,,,,https://cards.scryfall.io/large/front/4/3/4383ae7c-58ea-4354-93e4-677ad185c3bb.jpg?1712356061,
"Breeches, the Blastmaker",M,R,3,C+,,,,https://cards.scryfall.io/large/front/c/f/cf3bda9e-42af-4f99-a504-c96c25c2794b.jpg?1712356062,
"Bruse Tarl, Roving Rancher",M,R,4,A,,,,https://cards.scryfall.io/large/front/2/8/286c55c2-dcc1-4e87-a83f-9981d28ab62d.jpg?1712356070,
Cactusfolk Sureshot,M,U,4,B-,,,,https://cards.scryfall.io/large/front/3/1/318b8c5d-9fb0-488f-9b32-c2e29d1f1dbb.jpg?1712356071,
Archangel of Tithes,W,M,4,C+,,,,https://cards.scryfall.io/large/front/c/8/c853d04c-864b-491c-8c6f-72d2d4874d2f.jpg?1712355228,
Nurturing Pixie,W,U,1,D+,,,,https://cards.scryfall.io/large/front/0/f/0fe155f6-888b-41a0-a9a0-be7bea998718.jpg?1712355304,
Congregation Gryff,M,U,3,A-,,,,https://cards.scryfall.io/large/front/0/e/0ef4907a-2fc1-42c5-bffc-3b3f93601fb9.jpg?1712356078,
"Doc Aurlock, Grizzled Genius",M,U,2,C,True,,,https://cards.scryfall.io/large/front/6/f/6fc27b30-8c8e-434c-a72c-e1d409efc1ae.jpg?1712356080,
"Eriette, the Beguiler",M,R,4,D+,,,,https://cards.scryfall.io/large/front/f/4/f46c133a-7ae4-431b-88f2-ec606a7baf69.jpg?1712356086,
"Ertha Jo, Frontier Mentor",M,U,4,B-,,,,https://cards.scryfall.io/large/front/a/4/a4e81be6-6447-4f1e-be00-6fcdb2ab35af.jpg?1712356089,
Form a Posse,M,U,2,C+,True,,This is mostly a green card,https://cards.scryfall.io/large/front/3/9/39ee1387-c24e-4a66-8ad6-9afa9c0abcbb.jpg?1712356094,
"Ghired, Mirror of the Wilds",M,M,3,C+,,True,,https://cards.scryfall.io/large/front/e/4/e43e3d71-4fb8-4ab1-8c8f-b65ae3ad4cc4.jpg?1712356098,
"The Gitrog, Ravenous Ride",M,M,5,A-,,,,https://cards.scryfall.io/large/front/8/2/82512813-8618-483b-a7f0-e6a611d9d487.jpg?1712356103,
Honest Rutstein,M,U,3,B+,,,,https://cards.scryfall.io/large/front/2/5/259ddf66-76af-4857-83c3-c812327a6e23.jpg?1712356107,
Intimidation Campaign,M,U,3,C+,,,,https://cards.scryfall.io/large/front/5/9/596fb7a2-bb79-44b7-ad84-414c8139ec13.jpg?1712356111,
"Jem Lightfoote, Sky Explorer",M,U,4,C+,,,,https://cards.scryfall.io/large/front/e/2/e24fe6dc-662a-4abc-ad60-a1959b2be006.jpg?1712356117,
Omenport Vigilante,W,U,2,C-,,,,https://cards.scryfall.io/large/front/7/e/7ecd8b6f-b9aa-466a-909c-3209beef8244.jpg?1712355310,
"Jolene, Plundering Pugilist",M,U,3,B-,,,,https://cards.scryfall.io/large/front/f/e/fe30b5c8-4889-4350-bb1d-3e2a67d9dfb2.jpg?1712356118,
"Kambal, Profiteering Mayor",M,R,3,B-,,,,https://cards.scryfall.io/large/front/d/5/d53a775d-5898-41a8-b404-9b7d4721c6ba.jpg?1712356126,
Kellan Joins Up,M,R,3,B-,,True,,https://cards.scryfall.io/large/front/2/e/2e7f95d5-b279-4469-9c89-1e02630d61e6.jpg?1712356126,
"Kellan, the Kid",M,M,3,C+,,,,https://cards.scryfall.io/large/front/0/4/04dfbc4c-ab21-45db-bbd9-b9d245d60015.jpg?1712356134,
"Kraum, Violent Cacophony",M,U,4,C,,,,https://cards.scryfall.io/large/front/9/5/958a3e6b-7e20-40ea-8b2c-7c728934b5e5.jpg?1712356134,
Laughing Jasper Flint,M,R,3,A,,,,https://cards.scryfall.io/large/front/a/f/af0b3a41-ba99-41e8-bcfb-5796500c17c7.jpg?1712356142,
"Lazav, Familiar Stranger",M,U,3,C+,,,,https://cards.scryfall.io/large/front/0/0/00293326-3eb2-492c-b565-7abafa037d8c.jpg?1712356143,
"Lilah, Undefeated Slickshot",M,R,3,C,,,,https://cards.scryfall.io/large/front/e/2/e21f90ea-5934-4757-8515-38ef116afac1.jpg?1712356151,
Make Your Own Luck,M,U,5,B,,,,https://cards.scryfall.io/large/front/0/5/0557b0a3-2b48-408f-a508-9f4da2ab1cd1.jpg?1712356151,
"Malcolm, the Eyes",M,R,2,B,,,,https://cards.scryfall.io/large/front/5/2/521dffaa-813b-41e4-b7c2-a8c407167875.jpg?1712356159,
One Last Job,W,R,3,B-,True,,,https://cards.scryfall.io/large/front/7/1/71bfbfae-e7eb-4f80-81c6-9ab6a1bbd39d.jpg?1712860542,
"Marchesa, Dealer of Death",M,R,3,B,,,,https://cards.scryfall.io/large/front/e/e/ee29b59c-d57c-4a03-bae7-e9dfa57d6bb1.jpg?1712356159,
"Miriam, Herd Whisperer",M,U,2,B+,,,,https://cards.scryfall.io/large/front/b/f/bfa7750a-7c32-4413-b762-62e24d992c6b.jpg?1712356167,
"Obeka, Splitter of Seconds",M,R,4,F,,,,https://cards.scryfall.io/large/front/0/3/03415c42-086e-4a2e-9be8-5cdcde83f134.jpg?1712356168,
"Oko, the Ringleader",M,M,4,A-,,,,https://cards.scryfall.io/large/front/3/9/396df8d6-e85d-4486-8116-68841b7e1e2e.jpg?1712356176,
Pillage the Bog,M,R,2,C,,,,https://cards.scryfall.io/large/front/f/a/fa3b415f-7901-4ab4-84fe-60b90d40ac90.jpg?1712356177,
Rakdos Joins Up,M,R,5,B-,,,,https://cards.scryfall.io/large/front/c/7/c7154dca-7e10-4c34-aa56-9f200c6277d1.jpg?1712356184,
"Rakdos, the Muscle",M,M,5,A,,,,https://cards.scryfall.io/large/front/b/b/bb34babd-1b85-4a7d-a066-a8337805056e.jpg?1712356185,
Riku of Many Paths,M,R,3,D+,,,,https://cards.scryfall.io/large/front/2/1/21b63544-4c31-4f38-9907-0407719a60b1.jpg?1713091879,
"Roxanne, Starfall Savant",M,R,5,A+,,,,https://cards.scryfall.io/large/front/1/1/11fbe52f-febd-49fc-8391-28d3efe9c3eb.jpg?1712356193,
Ruthless Lawbringer,M,U,3,B,,,,https://cards.scryfall.io/large/front/9/2/927b5498-23f1-47c0-b441-7daaeb54f9b8.jpg?1712356201,
Outlaw Medic,W,C,2,C+,,,,https://cards.scryfall.io/large/front/2/f/2feaa51e-47fb-4849-b420-ee7278f3489a.jpg?1712355319,
"Satoru, the Infiltrator",M,R,2,C+,,,,https://cards.scryfall.io/large/front/a/c/acc9a5cc-2b3c-4c2f-8176-4a2d86265cc5.jpg?1712356202,
"Selvala, Eager Trailblazer",M,M,4,A-,,,,https://cards.scryfall.io/large/front/7/d/7d2e167f-7cb2-4f15-a1db-7ee56b7ba523.jpg?1712356210,
Seraphic Steed,M,R,2,A,,,,https://cards.scryfall.io/large/front/7/a/7ada7ab4-0dee-4ff3-9817-1e61ca3f2ccf.jpg?1712356210,
Slick Sequence,M,U,2,B-,,,,https://cards.scryfall.io/large/front/b/e/beb1c974-0d35-4e9f-a310-44eb2af64494.jpg?1712356219,
"Taii Wakeen, Perfect Shot",M,R,2,C,True,,Good with Deserts and Deadeye Dualist ,https://cards.scryfall.io/large/front/1/6/1643af0b-fcbf-4636-8c50-77ec77eaa34d.jpg?1712356219,
"Vial Smasher, Gleeful Grenadier",M,U,2,B,,,,https://cards.scryfall.io/large/front/3/a/3afce4e6-ac59-4fba-b63a-8fed96bbdc4a.jpg?1712356228,
Vraska Joins Up,M,R,2,D,,,,https://cards.scryfall.io/large/front/0/6/06e546c2-737e-4b17-bf60-3069b1ccdf31.jpg?1712356228,
"Vraska, the Silencer",M,M,3,C+,,,,https://cards.scryfall.io/large/front/b/0/b042abf2-c40b-4235-a4fa-2e4901c375c3.jpg?1712356238,
Wrangler of the Damned,M,U,5,D+,,,,https://cards.scryfall.io/large/front/b/4/b4d163dd-67dc-4aab-afb9-d043352d109c.jpg?1712356238,
"Wylie Duke, Atiin Hero",M,R,3,A-,,,,https://cards.scryfall.io/large/front/b/c/bc97ffcf-4f51-44cd-8daa-a7dae4592ee5.jpg?1712356248,
Prairie Dog,W,U,2,B,,,,https://cards.scryfall.io/large/front/3/7/37302b5d-e528-4baa-947a-c859e4ddcff9.jpg?1712355321,
Bandit's Haul,C,U,3,C+,True,,,https://cards.scryfall.io/large/front/6/8/68b2e74b-933b-4285-963b-dda3a986a914.jpg?1712356248,
Boom Box,C,U,2,D-,,,,https://cards.scryfall.io/large/front/e/a/ea61d964-6d73-422e-9e08-360ac66f237a.jpg?1712356258,
Gold Pan,C,C,2,D,,,,https://cards.scryfall.io/large/front/d/c/dc098aae-3d9b-453b-a37e-e102f81a8311.jpg?1712356259,
Lavaspur Boots,C,U,1,F,,,,https://cards.scryfall.io/large/front/e/5/e50709de-e6ef-4dbc-af1e-290fed279f34.jpg?1712356267,
Luxurious Locomotive,C,U,5,D,,,,https://cards.scryfall.io/large/front/c/c/cc598338-eeba-4815-a0a6-ff2dc09790d2.jpg?1712356268,
Mobile Homestead,C,U,2,C+,,,,https://cards.scryfall.io/large/front/d/5/d5fa82e4-0b77-498a-bec0-52764d24957a.jpg?1712356276,
Oasis Gardener,C,C,3,D+,,,,https://cards.scryfall.io/large/front/e/e/ee0dc663-4bfb-46d4-af79-d0143c799487.jpg?1712356276,
Redrock Sentinel,C,U,3,C,,,,https://cards.scryfall.io/large/front/8/e/8eb98381-8418-4dfd-b7d1-4353570e611b.jpg?1712356285,
Silver Deputy,C,C,2,D,,,,https://cards.scryfall.io/large/front/3/9/39d2c11d-1eb8-4768-bc61-fa8f20a69462.jpg?1712356286,
Sterling Hound,C,C,3,C-,,,,https://cards.scryfall.io/large/front/9/e/9e5bfcf5-6e5c-47fe-af6c-6b18938261c6.jpg?1712356295,
Prosperity Tycoon,W,U,4,B,,,,https://cards.scryfall.io/large/front/f/8/f87824f3-aa9f-4d3d-99f7-0fbca43d8a51.jpg?1712355328,
Tomb Trawler,C,U,2,D-,,,,https://cards.scryfall.io/large/front/3/6/36e61cb8-219a-4fe6-a2e6-307665ffa38f.jpg?1712356295,
Abraded Bluffs,L,C,0,B-,,,,https://cards.scryfall.io/large/front/1/9/19e96521-b4ce-4a36-a887-200e05ccc804.jpg?1712356303,
Arid Archway,L,U,0,C,,,Only in mono colored decks or decks with very easy color requirements,https://cards.scryfall.io/large/front/3/f/3f8c8fa2-12ab-4f6a-9f7a-2bc69e9ba024.jpg?1713223021,
Bristling Backwoods,L,C,0,B-,,,,https://cards.scryfall.io/large/front/d/6/d61dfeb7-7f6b-4601-8396-2cbb98165489.jpg?1712356312,
Conduit Pylons,L,C,0,C+,,,,https://cards.scryfall.io/large/front/5/f/5ffa48cc-b991-4d47-b7ec-cf678915c758.jpg?1712356314,
Creosote Heath,L,C,0,B-,,,,https://cards.scryfall.io/large/front/c/5/c5523dac-7aa0-4486-89c8-3b22a1411f26.jpg?1712356321,
Eroded Canyon,L,C,0,B-,,,,https://cards.scryfall.io/large/front/5/c/5c9d080f-28d7-41d6-a4e0-5b3e3a5ed770.jpg?1712356324,
Festering Gulch,L,C,0,B-,,,,https://cards.scryfall.io/large/front/4/a/4ad841eb-da0d-43d4-8b60-efe30922990b.jpg?1712356329,
Forlorn Flats,L,C,0,B-,,,,https://cards.scryfall.io/large/front/9/6/963c100e-4e12-438f-b5ae-14391406dff6.jpg?1712356332,
Jagged Barrens,L,C,0,B-,,,,https://cards.scryfall.io/large/front/5/d/5d809f5b-d965-4cb1-a9f8-2048f8534373.jpg?1712356337,
Requisition Raid,W,U,1,C-,,,,https://cards.scryfall.io/large/front/1/5/154e9ba9-0d0e-4b0e-acf2-f66a993cf3a2.jpg?1712860601,
Lonely Arroyo,L,C,0,B-,,,,https://cards.scryfall.io/large/front/4/b/4b778b63-e5fc-4d63-a93b-4372f32cade2.jpg?1712356340,
Lush Oasis,L,C,0,B-,,,,https://cards.scryfall.io/large/front/9/8/988e44c5-4632-4ebb-b6ae-c3886e49d637.jpg?1712356345,
Mirage Mesa,L,C,0,B-,,,,https://cards.scryfall.io/large/front/c/3/c3d2e816-c06d-4c5d-98fe-c350d8cfab27.jpg?1712356348,
Sandstorm Verge,L,U,0,D+,,,,https://cards.scryfall.io/large/front/3/a/3ab4e0a4-2faf-456b-99e3-ee06c008538c.jpg?1712356353,
Soured Springs,L,C,0,B-,,,,https://cards.scryfall.io/large/front/6/7/67daa31c-d9c4-4c22-b29c-1b8a17d577e5.jpg?1712356357,
Bucolic Ranch,L,U,0,B-,True,,,https://cards.scryfall.io/large/front/6/c/6c4f6b81-53d0-49fb-b404-c2ad67de7493.jpg?1712356362,
Blooming Marsh,L,R,0,C+,,,,https://cards.scryfall.io/large/front/8/6/861caabb-0573-4e94-8b03-342f90465064.jpg?1712356365,
Botanical Sanctum,L,R,0,C+,,,,https://cards.scryfall.io/large/front/c/c/cc18d5f4-a56a-4f7d-9f56-ccc92cbfb7f7.jpg?1712356371,
Concealed Courtyard,L,R,0,C+,,,,https://cards.scryfall.io/large/front/b/7/b75df1f0-0513-40e4-a449-454f75de6434.jpg?1712356373,
Inspiring Vantage,L,R,0,C+,,,,https://cards.scryfall.io/large/front/8/5/85df6b6a-2dcf-4828-a4a8-e07d52e1fddd.jpg?1712356380,
Rustler Rampage,W,U,1,D,,,,https://cards.scryfall.io/large/front/3/3/33ed7ca3-894b-45f4-a15f-51b6bcd3f474.jpg?1712860605,
Spirebluff Canal,L,R,0,C+,,,,https://cards.scryfall.io/large/front/5/9/59a04e16-a767-4112-ab01-6ca1b09c286c.jpg?1712356382,
Jace Reawakened,U,M,2,D,,,,https://cards.scryfall.io/large/front/f/d/fd17e8d4-499e-4005-ae3c-bc9c44dc5a67.jpg?1712356388,
Shepherd of the Clouds,W,U,5,B+,,,,https://cards.scryfall.io/large/front/c/2/c2245f36-2138-4f01-9b70-151137a5ac59.jpg?1712355336,
Sheriff of Safe Passage,W,U,3,D,,,,https://cards.scryfall.io/large/front/c/3/c38a845d-f25d-45ab-9154-3fa5291b0ba0.jpg?1712355345,
Armored Armadillo,W,C,1,D,,,,https://cards.scryfall.io/large/front/2/6/263232df-69b8-4205-93ad-c724fe57ec11.jpg?1712355235,
Stagecoach Security,W,C,5,C+,,,,https://cards.scryfall.io/large/front/2/1/21301998-b3e6-4f3d-89f4-5e17aeb79a1e.jpg?1712355345,
Steer Clear,W,C,1,D+,,,,https://cards.scryfall.io/large/front/5/2/523a4d6e-122b-49b4-bf3d-17d29c0007fb.jpg?1712355352,
Sterling Keykeeper,W,C,2,C,,,,https://cards.scryfall.io/large/front/0/1/019d539f-04c2-43f1-8677-6d6fbb0e94f7.jpg?1712355354,
Sterling Supplier,W,C,5,C-,,,,https://cards.scryfall.io/large/front/b/6/b6000be7-67db-440e-87ba-276df20b803e.jpg?1712355360,
Take Up the Shield,W,C,2,B,,,,https://cards.scryfall.io/large/front/7/6/76a31968-ba6d-4c01-838f-4cb8c64e73fb.jpg?1712355363,
Thunder Lasso,W,U,3,D+,,,,https://cards.scryfall.io/large/front/7/3/73dff5fc-2adf-447a-b35f-e7883e0fd821.jpg?1712355369,
Trained Arynx,W,C,2,B-,,,,https://cards.scryfall.io/large/front/e/f/ef32a5f8-f69d-47dc-a800-4f0ddf4eada5.jpg?1712355371,
Vengeful Townsfolk,W,C,3,C+,,,,https://cards.scryfall.io/large/front/2/d/2df404af-571a-4867-83f5-bb4163b433ff.jpg?1712355378,
Wanted Griffin,W,C,4,C-,,,,https://cards.scryfall.io/large/front/6/2/624a176b-fe24-4441-8877-464cf172ccff.jpg?1712355379,
Archmage's Newt,U,R,2,D+,,,,https://cards.scryfall.io/large/front/a/4/a440bbd6-8e51-4db1-90d9-7fa9fc327ad5.jpg?1712355386,
Aven Interrupter,W,R,3,B,,,,https://cards.scryfall.io/large/front/d/3/d3ca43a4-d194-440f-8099-f1fa103a108d.jpg?1712355236,
Canyon Crab,U,U,2,C+,,,,https://cards.scryfall.io/large/front/b/7/b740a8a8-e1d3-4642-a214-03731c9b5553.jpg?1712355388,
Daring Thunder-Thief,U,C,4,D+,,,,https://cards.scryfall.io/large/front/b/4/b41a2bf7-248c-4f8b-92ec-3010d276cb59.jpg?1712355394,
Deepmuck Desperado,U,U,3,C,True,,,https://cards.scryfall.io/large/front/f/9/f95ee726-7465-40f8-a954-19b19e636c12.jpg?1712355396,
Djinn of Fool's Fall,U,C,5,D-,,,,https://cards.scryfall.io/large/front/4/8/48bfc6af-c651-485e-a1cc-f9d00aeaf812.jpg?1712355401,
Double Down,U,M,4,A-,,True,,https://cards.scryfall.io/large/front/8/e/8ecccdf3-98c6-4aed-8757-913623efb677.jpg?1712355404,
Duelist of the Mind,U,R,2,B+,,,,https://cards.scryfall.io/large/front/2/b/2b58e47b-c165-4a58-aa2a-033a35645adc.jpg?1712355410,
Emergent Haunting,U,U,2,B-,,,,https://cards.scryfall.io/large/front/6/2/623053a8-7abe-45ec-9f26-97e1c037120b.jpg?1712355411,
Failed Fording,U,C,2,D+,,,,https://cards.scryfall.io/large/front/6/2/62bbe11b-e959-4080-98ac-09bd57519c00.jpg?1712355418,
"Fblthp, Lost on the Range",U,R,3,D,,,,https://cards.scryfall.io/large/front/0/1/01d3e6ea-4791-4948-af22-c1bd04c34c1e.jpg?1712355420,
Fleeting Reflection,U,U,2,D+,,,,https://cards.scryfall.io/large/front/8/f/8f8c931e-219f-4032-b55b-b5975fbea1e7.jpg?1712355426,
Bounding Felidar,W,U,6,C+,,,,https://cards.scryfall.io/large/front/8/9/8925279f-c16a-43b4-b791-ce450157275b.jpg?1712355243,
"Geralf, the Fleshwright",U,M,3,B+,,,,https://cards.scryfall.io/large/front/a/f/afe3b678-b340-4c53-bbf6-19252a809d73.jpg?1712355427,
Geyser Drake,U,C,3,C,True,,,https://cards.scryfall.io/large/front/b/2/b270377b-33eb-4e5e-9d14-0da2876da74f.jpg?1712355434,
Harrier Strix,U,C,1,D,,,,https://cards.scryfall.io/large/front/7/0/70ca61a9-8938-41bf-bd14-5759f4de6521.jpg?1712355435,
Jailbreak Scheme,U,C,1,C,,,,https://cards.scryfall.io/large/front/a/4/a4be8e47-9006-4770-8d99-68a684064a43.jpg?1712860592,
The Key to the Vault,U,R,2,F,,,,https://cards.scryfall.io/large/front/1/6/166814af-a444-4a62-937e-7491673d9387.jpg?1712355445,
Loan Shark,U,C,4,C+,,,,https://cards.scryfall.io/large/front/4/9/49f12760-ff07-4c9f-a7a9-1e64bd3a9adf.jpg?1712355452,
Marauding Sphinx,U,U,5,B,,,,https://cards.scryfall.io/large/front/3/4/34071884-c5b6-42c0-9eb3-9f32910c29d8.jpg?1712355453,
Metamorphic Blast,U,U,1,C+,,,,https://cards.scryfall.io/large/front/b/d/bd38d922-cfc1-43a8-82d8-5de441c71076.jpg?1712860596,
Nimble Brigand,U,U,3,C,,,,https://cards.scryfall.io/large/front/7/3/73c74d48-362d-4c3b-9ff7-39bdd19657a6.jpg?1712355461,
Outlaw Stitcher,U,U,4,B-,,,,https://cards.scryfall.io/large/front/b/a/ba9584f0-55b8-448d-99a7-041934053f42.jpg?1712355468,
Bovine Intervention,W,U,2,F,,,,https://cards.scryfall.io/large/front/2/6/26c36742-456f-4618-99bc-793ef20b31b0.jpg?1712355244,
Peerless Ropemaster,U,C,5,D+,,,,https://cards.scryfall.io/large/front/a/e/ae044509-2f31-4506-a124-0e445b7181a2.jpg?1712355469,
Phantom Interference,U,C,1,C+,,,,https://cards.scryfall.io/large/front/0/0/00bf4dd1-5468-4594-9c7b-0737610f19d4.jpg?1712860598,
Plan the Heist,U,U,4,C,,,,https://cards.scryfall.io/large/front/1/e/1e8c3a0e-d61c-457f-ac85-577d0bb94b96.jpg?1712355477,
Razzle-Dazzler,U,C,2,D+,True,,,https://cards.scryfall.io/large/front/f/7/f7d08008-9272-405e-82ef-566e6d42bb17.jpg?1712355485,
Seize the Secrets,U,C,3,C-,,,,https://cards.scryfall.io/large/front/1/b/1bdbdfa8-aa28-4b3d-95e7-3d0e7e37f982.jpg?1712355485,
Shackle Slinger,U,U,3,D,,,,https://cards.scryfall.io/large/front/e/6/e6cfe383-e483-47e7-99d1-991a06b089bc.jpg?1712355493,
Shifting Grift,U,U,2,D-,,,,https://cards.scryfall.io/large/front/2/0/20b8313b-a680-4dca-959a-1a7fa5cb4b1b.jpg?1712860608,
Slickshot Lockpicker,U,U,3,B-,,,,https://cards.scryfall.io/large/front/1/0/109a9464-ce30-4747-874e-3bbf75913081.jpg?1712355500,
Slickshot Vault-Buster,U,C,3,D,,,,https://cards.scryfall.io/large/front/5/9/592ccc36-3d10-4a12-8743-9b300b80cb4d.jpg?1712355501,
Spring Splasher,U,C,2,D+,,,,https://cards.scryfall.io/large/front/b/6/b6822d12-1a25-42e7-94cc-71bd29daed93.jpg?1712355509,
Bridled Bighorn,W,C,4,D+,,,,https://cards.scryfall.io/large/front/f/a/fa7bf089-fa9b-4ffc-bf84-45cd51c76463.jpg?1712355251,
Step Between Worlds,U,R,5,F,,,,https://cards.scryfall.io/large/front/7/0/70ea2054-3d22-42ce-ab50-501ef09c2128.jpg?1712355510,
Stoic Sphinx,U,R,4,A,,,,https://cards.scryfall.io/large/front/f/9/f93f5055-30d8-4fc4-afa5-29212e8c7536.jpg?1712355517,
Stop Cold,U,C,4,C-,,,,https://cards.scryfall.io/large/front/9/f/9ff9c158-0080-427c-8cf9-0289011ea63e.jpg?1712355518,
Take the Fall,U,C,1,B-,,,,https://cards.scryfall.io/large/front/9/f/9fea80c4-923c-40a1-9363-bfa4c267a024.jpg?1712355525,
This Town Ain't Big Enough,U,U,5,C+,,,,https://cards.scryfall.io/large/front/b/b/bb206e27-da4d-4abe-9d8c-6d18c5f2f52a.jpg?1712355528,
Three Steps Ahead,U,R,1,B,,,,https://cards.scryfall.io/large/front/8/f/8fffd839-2337-4a14-9312-cee085a17f4b.jpg?1712860611,
Visage Bandit,U,U,4,C,,,,https://cards.scryfall.io/large/front/6/8/685ec4c6-3332-498f-8b56-d7ad8fc5230c.jpg?1712355536,
Ambush Gigapede,B,C,6,C+,,,,https://cards.scryfall.io/large/front/9/3/93b17d09-974a-4e33-b14d-5fe4230ab241.jpg?1712355541,
Binding Negotiation,B,U,2,C,,,,https://cards.scryfall.io/large/front/1/c/1c4c26b9-981f-47cf-b0f4-769e788d9537.jpg?1712355546,
Blacksnag Buzzard,B,C,3,D,,,,https://cards.scryfall.io/large/front/e/f/ef10b2ad-9b9b-4c5d-a2c7-3ce742224b50.jpg?1712355550,
Claim Jumper,W,R,3,C,,,,https://cards.scryfall.io/large/front/6/5/654ade6b-0369-4b90-a744-2f57a45b04f4.jpg?1712355252,
Blood Hustler,B,U,2,C-,,,,https://cards.scryfall.io/large/front/1/0/1016a750-2a18-4443-a600-957eb4026d3a.jpg?1712355556,
Boneyard Desecrator,B,C,4,D,,,,https://cards.scryfall.io/large/front/d/4/d43981b1-60c8-4896-8885-b07e73b99b30.jpg?1712355558,
Caustic Bronco,B,R,2,B+,,,,https://cards.scryfall.io/large/front/e/9/e9a268ba-c442-4fe4-90b4-2810c8474f4e.jpg?1712355566,
Consuming Ashes,B,C,4,B,,,,https://cards.scryfall.io/large/front/5/4/54f96be9-60fc-4e2f-9172-4cc53c9a095a.jpg?1712355566,
Corrupted Conviction,B,C,1,D+,,,,https://cards.scryfall.io/large/front/8/0/8046f892-3317-4ef7-9cf7-97b9060540c8.jpg?1712355575,
Desert's Due,B,C,2,B-,,,,https://cards.scryfall.io/large/front/3/5/35e899e4-e2de-44cf-b6f4-cace8d3770cb.jpg?1712355575,
Desperate Bloodseeker,B,C,2,C+,,,,https://cards.scryfall.io/large/front/a/5/a59da027-b5dd-4920-b3a1-9da05fcb1977.jpg?1712355583,
Fake Your Own Death,B,C,2,C-,,,,https://cards.scryfall.io/large/front/7/9/79a17ab9-13c9-41d4-a143-82d8caacfd8b.jpg?1712355584,
Forsaken Miner,B,U,1,C+,,,,https://cards.scryfall.io/large/front/1/6/1679f74d-00f8-436c-9f8c-aa3f843a546c.jpg?1712355591,
"Gisa, the Hellraiser",B,M,5,A,,,,https://cards.scryfall.io/large/front/d/b/db7c07b2-02b2-4e62-bf1b-4848e06eec28.jpg?1712355592,
Dust Animus,W,R,2,A,,,,https://cards.scryfall.io/large/front/7/0/70719e7b-6f02-4c1a-9f11-79b2b0d9846a.jpg?1712355260,
Hollow Marauder,B,U,7,A-,,,,https://cards.scryfall.io/large/front/d/f/df2913d5-57c7-4f9b-bc96-8a46beef2563.jpg?1712355599,
Insatiable Avarice,B,R,1,D-,,,,https://cards.scryfall.io/large/front/a/1/a108b0e4-1b43-4659-9e91-facb0bd57ebb.jpg?1712860590,
"Kaervek, the Punisher",B,R,3,C,,,,https://cards.scryfall.io/large/front/7/f/7f3affc1-be42-48c7-89ff-b59550ff278c.jpg?1712355608,
Lively Dirge,B,U,2,C+,True,,,https://cards.scryfall.io/large/front/0/c/0c35a0d3-12f7-46f3-a6b3-02a490d45ca0.jpg?1712860594,
Mourner's Surprise,B,C,2,B-,,,,https://cards.scryfall.io/large/front/9/8/980b0b68-7218-49c6-b6bf-022218f3abf4.jpg?1712355617,
Neutralize the Guards,B,U,3,SB,,,,https://cards.scryfall.io/large/front/6/0/60f1a481-598e-4e05-8471-eedb12a39022.jpg?1712355617,
Nezumi Linkbreaker,B,C,1,C,True,,Needs sac effects to be good,https://cards.scryfall.io/large/front/6/d/6dd0095b-6136-4368-94cb-4c82621aaf37.jpg?1712355626,
Overzealous Muscle,B,C,5,D-,,,,https://cards.scryfall.io/large/front/c/e/ce57d977-e9c5-4ed1-915f-cdc90a54f8f8.jpg?1712355627,
Pitiless Carnage,B,R,4,D-,,,,https://cards.scryfall.io/large/front/f/a/fa76fc45-a106-4dc9-9d44-a005eaa2784d.jpg?1712355634,
Rakish Crew,B,U,3,C+,True,,,https://cards.scryfall.io/large/front/7/0/70f64358-58db-40ab-90e8-6137c3bd0a29.jpg?1712355636,
Fell the Mighty,W,R,5,C,,,,https://cards.scryfall.io/large/front/f/b/fbd897e0-0f6b-4a35-9f33-a16d85ddfad8.jpg?1712353389,
Essence Capture,U,U,2,B-,,,,https://cards.scryfall.io/large/front/d/2/d2bcfba6-fbd8-487c-8a89-2327c3d07870.jpg?1712353424,
Mana Drain,U,M,2,A-,,,,https://cards.scryfall.io/large/front/4/c/4c7f0ea5-a142-4157-b85d-ec49dd79adf6.jpg?1712353431,
Mindbreak Trap,U,M,4,D,,,,https://cards.scryfall.io/large/front/4/d/4ddb33dd-a92a-4f71-bcb3-56678ef5e45d.jpg?1712353434,
Repulse,U,U,3,B-,,,,https://cards.scryfall.io/large/front/8/8/88941ed3-1cae-47ce-8ccb-938c5d0e767f.jpg?1712353439,
Heartless Pillage,B,U,3,D+,,,,https://cards.scryfall.io/large/front/d/0/d06a1a70-aa26-4178-8486-e0a25c907cdb.jpg?1712353444,
Imp's Mischief,B,R,2,SB,,,,https://cards.scryfall.io/large/front/4/1/41137be4-cfc2-40dc-873a-b9a63d0d8ea6.jpg?1712353448,
Murder,B,U,3,C+,,,,https://cards.scryfall.io/large/front/6/c/6c776ca4-4950-4a27-8ce2-fbe534579d62.jpg?1712353452,
Overwhelming Forces,B,M,8,A+,,True,,https://cards.scryfall.io/large/front/0/d/0d16af8d-4967-4244-8622-c6fa03ac739b.jpg?1712353456,
Reanimate,B,R,1,C-,,,,https://cards.scryfall.io/large/front/6/0/609c34f9-9f53-4773-a02b-517209024fc2.jpg?1712353461,
Surgical Extraction,B,R,1,F,,,,https://cards.scryfall.io/large/front/1/1/11cc603a-5d60-4959-a03f-e3dfbee4606b.jpg?1712353465,
Fierce Retribution,W,U,2,C+,,,,https://cards.scryfall.io/large/front/9/2/92270719-352d-426f-b498-fbeaf8fd087b.jpg?1712353389,
Thoughtseize,B,M,1,C-,,,,https://cards.scryfall.io/large/front/5/e/5e85d5db-ced3-406d-90d2-e506a9332468.jpg?1712353469,
Collective Defiance,R,R,3,B-,,,,https://cards.scryfall.io/large/front/c/b/cbaaa9e0-e5d4-4ae1-8082-cc018eb1fe39.jpg?1712353473,
Crackle with Power,R,M,2,B,,,,https://cards.scryfall.io/large/front/d/7/d7cdccd8-13c0-49ab-9fc9-554e7897e782.jpg?1712353479,
Electrodominance,R,R,2,C+,,,,https://cards.scryfall.io/large/front/6/d/6d550bc9-2cb5-4947-a48d-2c92b5c72541.jpg?1712353482,
Fling,R,U,2,D+,,,,https://cards.scryfall.io/large/front/1/c/1cddae19-eb96-475c-9800-17ac57df4c0a.jpg?1712353488,
Indomitable Creativity,R,M,3,F,,,,https://cards.scryfall.io/large/front/1/8/18cb625b-a41f-4f3b-8f56-257a3795aa8f.jpg?1712353490,
Skewer the Critics,R,U,3,C,,,,https://cards.scryfall.io/large/front/9/f/9f3261b6-4f5c-4cf0-a396-1d9397603602.jpg?1712353496,
Skullcrack,R,R,2,F,,,,https://cards.scryfall.io/large/front/1/7/170a06cd-501e-43c8-98e0-63ebd61cc0aa.jpg?1713221826,
Clear Shot,G,U,3,A-,,,,https://cards.scryfall.io/large/front/4/f/4f362332-3682-4638-bc8b-6984f48e3464.jpg?1712353505,
Force of Vigor,G,M,4,SB,,,,https://cards.scryfall.io/large/front/3/d/3d98d6a5-36a0-441f-ac64-9d02b2dbb773.jpg?1712353508,
Journey to Nowhere,W,U,2,B+,,,,https://cards.scryfall.io/large/front/4/4/442bb671-8b23-4e3b-bf39-18152a68887e.jpg?1712353397,
Pest Infestation,G,R,1,A,,,,https://cards.scryfall.io/large/front/8/4/8407c498-b972-49fe-b30a-a864c39ddc7a.jpg?1712353514,
Primal Command,G,R,5,B-,,,,https://cards.scryfall.io/large/front/4/4/4416de3b-ba68-44a9-843b-26743813c661.jpg?1712353516,
Primal Might,G,R,1,A-,,,,https://cards.scryfall.io/large/front/d/1/d11a1ac4-b025-4bc7-a00f-5de04acefbf8.jpg?1712353523,
Thornado,G,U,3,SB,,,,https://cards.scryfall.io/large/front/8/e/8eb4b155-ddde-465d-bd2e-3b7eb32bc052.jpg?1712353525,
Abrupt Decay,M,R,2,C+,,,,https://cards.scryfall.io/large/front/8/4/84f71a16-915d-4b8e-8c39-cc46bcaa9de9.jpg?1713541398,
Anguished Unmaking,M,M,3,D,,,,https://cards.scryfall.io/large/front/c/0/c03cc4a3-a526-4811-871e-290ae5bbe424.jpg?1712353533,
Back for More,M,U,6,B+,,,,https://cards.scryfall.io/large/front/f/5/f55e5aca-b6fe-4b2f-9943-568f4d1704ca.jpg?1712353541,
Bedevil,M,R,3,C,,,,https://cards.scryfall.io/large/front/2/4/2473bb43-4de4-402a-884b-42fd9fcadd7d.jpg?1712353542,
Buried in the Garden,M,U,4,B+,,,,https://cards.scryfall.io/large/front/5/0/507073ca-4f97-4fcb-b570-233f096bf0fd.jpg?1712353549,
Crime // Punishment,M,M,7,C,,,,https://cards.scryfall.io/large/front/c/e/ce4bc5b7-233c-4076-8268-7f9bd346ec55.jpg?1713769156,
Leyline Binding,W,M,6,C+,,,,https://cards.scryfall.io/large/front/5/f/5f48b1fe-175a-40bb-be21-84b5c768403e.jpg?1712353398,
Cruel Ultimatum,M,R,7,B,,True,,https://cards.scryfall.io/large/front/5/3/539e00a6-6cb0-4960-8a45-52d70b575f5a.jpg?1712353558,
Decimate,M,R,4,F,,,,https://cards.scryfall.io/large/front/a/6/a6166dde-22d8-4fd1-93f9-c4e7762ae2a0.jpg?1712353560,
Decisive Denial,M,U,2,C,,,,https://cards.scryfall.io/large/front/5/4/54ee0802-62c1-46ac-907e-82ace59fbddb.jpg?1712353566,
Detention Sphere,M,R,3,C+,,,,https://cards.scryfall.io/large/front/b/b/bb049418-44db-4f98-9d53-385c5cd0f5cc.jpg?1713846612,
Endless Detour,M,R,3,C-,,,,https://cards.scryfall.io/large/front/7/0/70afd040-59a8-491e-bd2a-92a12cda96dd.jpg?1712353575,
Fractured Identity,M,M,5,A+,,,,https://cards.scryfall.io/large/front/b/d/bd1db186-dd74-4e05-905c-34321fb3d641.jpg?1712353578,
Hindering Light,M,U,2,D+,,,,https://cards.scryfall.io/large/front/8/6/860f4304-38f1-4c2f-a122-2590619522fd.jpg?1712353583,
Humiliate,M,U,2,C+,,,,https://cards.scryfall.io/large/front/4/5/454bb7c2-cb7b-4601-9f50-2d24e3ffe1c1.jpg?1712353587,
Hypothesizzle,M,U,5,B-,,,,https://cards.scryfall.io/large/front/4/4/4448d31e-faf4-4281-af48-4f638b939a62.jpg?1712353591,
Ionize,M,R,3,B-,,,,https://cards.scryfall.io/large/front/9/8/98c75555-8fe0-4902-a2c7-b807d95b71ab.jpg?1712353595,
Pariah,W,R,3,F,,,,https://cards.scryfall.io/large/front/1/9/1995fed6-992f-4333-afa6-63d61cfdfa00.jpg?1712353406,
"Oko, Thief of Crowns",M,M,3,A+,,,,https://cards.scryfall.io/large/front/6/5/659e8760-c7a8-445d-bfef-7cd445ea67c3.jpg?1712353600,
Outlaws' Merriment,M,R,4,B+,,,,https://cards.scryfall.io/large/front/e/b/eb214fdf-edb1-49ab-8f98-dea62475f2fc.jpg?1712353604,
Ride Down,M,U,2,D+,,,,https://cards.scryfall.io/large/front/f/1/f1ec2b59-fbc5-464c-916c-b1accf29867d.jpg?1712353609,
Savage Smash,M,U,3,B-,,,,https://cards.scryfall.io/large/front/4/b/4b05cacb-1f62-46ca-90a0-202d4adcff2c.jpg?1712353613,
Siphon Insight,M,R,2,C+,,,,https://cards.scryfall.io/large/front/0/7/07fb25f7-1fb7-4c2a-abb8-adfb24860bce.jpg?1712353618,
Terminal Agony,M,U,4,C+,True,,,https://cards.scryfall.io/large/front/e/b/ebccedbd-558c-419d-a18f-8751afd937b2.jpg?1712353622,
Tyrant's Scorn,M,U,2,B,,,,https://cards.scryfall.io/large/front/e/6/e61f8b36-6ad2-4295-bd1d-7f9e90b23190.jpg?1712353627,
Vanishing Verse,M,R,2,B+,,,,https://cards.scryfall.io/large/front/f/c/fc4b1507-7daa-4728-b79e-a9423dae6c57.jpg?1712353630,
Villainous Wealth,M,R,3,B-,,,,https://cards.scryfall.io/large/front/6/6/66126f16-3d22-4d93-86c8-1800f1cfd22e.jpg?1712353635,
Void Rend,M,R,3,C-,,,,https://cards.scryfall.io/large/front/5/9/598f6fd1-51a3-4bb3-9696-911cd45367f9.jpg?1712353639,
Path to Exile,W,R,1,C-,,,,https://cards.scryfall.io/large/front/a/a/aa112736-7596-448a-be2f-0798acb3b2ee.jpg?1712859024,
Voidslime,M,R,3,D+,,,,https://cards.scryfall.io/large/front/f/2/f21cca5c-dc1e-4e7c-9dab-218165f42b90.jpg?1712353644,
Contagion Engine,C,M,6,B,,,,https://cards.scryfall.io/large/front/f/e/fe584bf8-cb71-42b5-b5c0-dea3fec79c9d.jpg?1712353648,
Grindstone,C,M,1,F,,,,https://cards.scryfall.io/large/front/f/5/f5914135-d927-4d95-a4cd-85c871adaeee.jpg?1712353652,
Mindslaver,C,M,6,D+,,,,https://cards.scryfall.io/large/front/6/5/65b007d5-d9da-4342-ba7e-4b5d8d79912b.jpg?1712353656,
Unlicensed Hearse,C,R,2,D+,,,,https://cards.scryfall.io/large/front/5/4/5447a777-769d-4773-ab64-31c67e310e15.jpg?1712353660,
Dust Bowl,L,R,0,F,,,,https://cards.scryfall.io/large/front/1/8/18d24d9a-a49e-4ce8-9158-03fe4cea39e2.jpg?1712353665,
Archive Trap,U,R,5,B,True,,Lock picker combo,https://cards.scryfall.io/large/front/d/e/defa687c-a064-4a7b-afa2-3c3ecdb5e13f.jpg?1712353415,
Archmage's Charm,U,R,3,C+,,,,https://cards.scryfall.io/large/front/4/4/44fe86de-c131-41b2-a06a-827b4d374a6d.jpg?1712353415,
Commandeer,U,R,7,F,,,,https://cards.scryfall.io/large/front/e/4/e473db8a-ee0e-4753-aaab-76eda5808075.jpg?1712353423,
Stoneforge Mystic,W,M,2,C+,,True,,https://cards.scryfall.io/large/front/1/1/11130547-391b-4fe7-8821-ef9514f6073f.jpg?1714168621,
Brazen Borrower,U,M,3,B,,,,https://cards.scryfall.io/large/front/e/d/ed39ecb5-6c7c-428d-8ff3-7bd30edf00d5.jpg?1711513074,
Desertion,U,M,5,C+,,,,https://cards.scryfall.io/large/front/f/5/f51053d1-f158-4c62-96f4-0c93f1ec9007.jpg?1714483874,
Morbid Opportunist,B,M,3,B-,,,,https://cards.scryfall.io/large/front/7/5/75ce7a2a-95c3-4854-ab70-15d144d44714.jpg?1711513165,
Port Razer,R,M,5,D-,,,,https://cards.scryfall.io/large/front/2/5/25c13a34-9be3-4ff4-996d-f61c6db2e990.jpg?1714168652,
Scapeshift,G,M,4,F,,,,https://cards.scryfall.io/large/front/5/e/5edac3e9-6c18-4801-a035-2803d35314ef.jpg?1711513245,
Mystic Snake,M,M,4,B,,,,https://cards.scryfall.io/large/front/e/e/ee7bdfa2-2263-4585-8f53-f2d66ecc31a0.jpg?1714483878,
Notion Thief,M,M,4,F,,,,https://cards.scryfall.io/large/front/e/8/e8d70073-3785-447a-9aea-bd7794d52f29.jpg?1714168636,
Desert,L,M,0,C,,,,https://cards.scryfall.io/large/front/5/a/5aa802d3-f9b1-49d1-87de-91d5fd9850ad.jpg?1714483871,
Prismatic Vista,L,M,0,B-,,,,https://cards.scryfall.io/large/front/e/b/ebe7ddb9-ac1c-4c42-a7c7-8683c7ba448d.jpg?1714168595,
